Dell suporte Brasil,"Subscribers: 4,863"
"
    Bem-Vindo ao Windows 10!
  ","2,576"
"
    Windows 10 - Menu Inicial
  ","20,920"
"
    WINDOWS 10 - Como Criar uma Conta Microsoft
  ","3,235"
"
    WINDOWS 10 - Como Criar Uma Conta Local
  ","3,040"
TechSupportDell,"Subscribers: 5,727"
"
    Welcome to Windows 10
  ","5,134"
"
    How to Use Cortana in Windows 10
  ","4,217"
"
    Microsoft Account Windows 10
  ","1,224"
"
    Start Menu in Windows 10
  ","1,089"
"
    Virtual Desktops in Windows 10
  ","1,270"
"
    Windows Updates in Windows 10
  ","1,156"
"
    Keyboard Shortcuts in Windows 10
  ","1,138"
"
    Performing a Reset in Windows 10
  ",233 views
"
    Connect to WIFI in Windows 10
  ",539 views
"
    Reset Your Password in Windows 10
  ",138 views
"
    How to Install Windows 10 (USB)
  ",425 views
DellVousAide,Subscribers: 203
"
    Bienvenue dans Windows 10
  ","2,866"
"
    Windows 10 - Le menu démarrer
  ","1,422"
"
    Windows 10 - Cortana votre assistante personnelle
  ","2,508"
"
    Windows 10 - Les bureaux virtuels
  ",516 views
"
    Windows 10 - Les raccourcis clavier que vous devez connaître
  ",33 views
HP Desktop and Mobile Device Help,"Subscribers: 17,892"
"
    Using Two or More Monitors with One Computer in Windows 10
  ",449 views
"
    Resolving Permission Issues When Installing Software in Windows 10
  ",197 views
"
    Troubleshooting the TouchPad on HP Notebooks in Windows 10
  ",564 views
"
    Creating a New Account in Windows 10
  ",202 views
"
    Rolling back a driver from Device Manager in Windows 10
  ",241 views
"
    Changing the Default Applications in Windows 10
  ",254 views
Dell Soporte,"Subscribers: 1,228"
"
    Bienvenido a Windows 10
  ","1,243"
"
    Windows 10 - Menú Inicial
  ","2,810"
"
    WINDOWS 10 - Cómo Crear una Cuenta Microsoft
  ",754 views
"
    WINDOWS 10 - Cómo Crear una Cuenta Local
  ",998 views
デル株式会社 テクニカルサポート,Subscribers: 438
"
    Windows 10 - 仮想デスクトップの使い方 Part 2
  ",108 views
"
    Windows 10 - スタートメニューが進化しました
  ",112 views
"
    Windows 10を使ってみよう！(イントロダクション)
  ",194 views
"
    Windows 10 - マイクロソフトアカウントの作成手順
  ",130 views
"
    Windows 10 - 仮想デスクトップの使い方
  ",315 views
"
    Windows 10 - 新機能「スナップアシスト」の使い方
  ",270 views
"
    Windows 10 - Windows Updateの設定方法
  ",47 views
